-- =====================================================================
-- بيانات تجريبية (Seed) لتعبئة قاعدة البيانات بمحتوى يظهر في الموقع
-- 5 فئات / 6 موردين / 12 منتج / ~40 عرض بأسعار مختلفة
-- آمن لإعادة التشغيل (idempotent).
-- icon = أسماء أيقونات lucide-react (مع fallback إلى Package في الواجهة).
-- =====================================================================

-- ---------- الفئات ----------
INSERT INTO public.categories (id, name, icon) VALUES
  ('packaging',   'تغليف وكراتين', 'Boxes'),
  ('disposables', 'أدوات تقديم',   'CupSoda'),
  ('food',        'مواد غذائية',   'Wheat'),
  ('cleaning',    'منظفات',        'SprayCan'),
  ('equipment',   'معدات',         'Wrench')
ON CONFLICT (id) DO UPDATE SET name = EXCLUDED.name, icon = EXCLUDED.icon;

-- ---------- الموردون ----------
INSERT INTO public.suppliers (id, user_id, name, city, phone, whatsapp, rating, reviews_count, verified, joined_year, logo) VALUES
  ('0b000000-0000-4000-8000-000000000001', NULL, 'مؤسسة الإمداد للتجهيزات', 'الرياض',      '0551234001', '966551234001', 4.8, 213, true,  2016, NULL),
  ('0b000000-0000-4000-8000-000000000002', NULL, 'مستودع التوفير للجملة',   'جدة',         '0551234002', '966551234002', 4.5, 158, true,  2018, NULL),
  ('0b000000-0000-4000-8000-000000000003', NULL, 'بيت التغليف الحديث',      'الرياض',      '0551234003', '966551234003', 4.7,  97, true,  2019, NULL),
  ('0b000000-0000-4000-8000-000000000004', NULL, 'أسواق المورّد المركزي',   'الدمام',      '0551234004', '966551234004', 4.2,  64, false, 2021, NULL),
  ('0b000000-0000-4000-8000-000000000005', NULL, 'الرواد لتجهيز المطاعم',   'الرياض',      '0551234005', '966551234005', 4.9, 341, true,  2014, NULL),
  ('0b000000-0000-4000-8000-000000000006', NULL, 'شركة الجملة الذهبية',     'مكة المكرمة', '0551234006', '966551234006', 4.3,  52, false, 2022, NULL)
ON CONFLICT (id) DO UPDATE SET
  name = EXCLUDED.name, city = EXCLUDED.city, phone = EXCLUDED.phone, whatsapp = EXCLUDED.whatsapp,
  rating = EXCLUDED.rating, reviews_count = EXCLUDED.reviews_count, verified = EXCLUDED.verified,
  joined_year = EXCLUDED.joined_year;

-- ---------- المنتجات ----------
INSERT INTO public.products (id, name, category_id, icon, unit, spec) VALUES
  ('0a000000-0000-4000-8000-000000000001', 'كرتون تغليف مقوّى',     'packaging',   'Boxes',       'للكرتون',            'مقاس 40×40×40 سم — 5 طبقات'),
  ('0a000000-0000-4000-8000-000000000002', 'صحون ورقية بيضاء',      'disposables', 'Utensils',    'للكرتون (1000 حبة)', 'مقاس 23 سم — مقاومة للدهون'),
  ('0a000000-0000-4000-8000-000000000003', 'أكواب ورقية للقهوة',    'disposables', 'CupSoda',     'للكرتون (1000 حبة)', 'سعة 8 أونصة — مزدوجة الجدار'),
  ('0a000000-0000-4000-8000-000000000004', 'علب برجر كرافت',        'packaging',   'Sandwich',    'للكرتون (500 حبة)',  'ورق كرافت — صديق للبيئة'),
  ('0a000000-0000-4000-8000-000000000005', 'أكياس بلاستيك حمل',     'packaging',   'ShoppingBag', 'للكيلو',             'مقاس وسط — سماكة 30 ميكرون'),
  ('0a000000-0000-4000-8000-000000000006', 'زيت قلي نباتي (تنكة)',  'food',        'Droplet',     'للتنكة (16 لتر)',    'زيت ذرة — مناسب للقلي العميق'),
  ('0a000000-0000-4000-8000-000000000007', 'أرز بسمتي فاخر',        'food',        'Wheat',       'للكيس (40 كجم)',     'حبة طويلة — درجة أولى'),
  ('0a000000-0000-4000-8000-000000000008', 'دجاج مجمّد كامل',       'food',        'Beef',        'للكرتون (10 كجم)',   'حجم 1000 جم — مذبوح حلال'),
  ('0a000000-0000-4000-8000-000000000009', 'مناديل ورقية للمطاعم',  'disposables', 'ScrollText',  'للكرتون (24 علبة)',  'طبقتين — ناعمة'),
  ('0a000000-0000-4000-8000-000000000010', 'سائل تنظيف أرضيات',     'cleaning',    'SprayCan',    'للجالون (5 لتر)',    'معطّر — مركّز'),
  ('0a000000-0000-4000-8000-000000000011', 'ثلاجة عرض رأسية',       'equipment',   'Refrigerator','للوحدة',             'سعة 600 لتر — بابين زجاج'),
  ('0a000000-0000-4000-8000-000000000012', 'طاولة تحضير استانلس',   'equipment',   'Wrench',      'للوحدة',             'طول 150 سم — ستانلس 304')
ON CONFLICT (id) DO UPDATE SET
  name = EXCLUDED.name, category_id = EXCLUDED.category_id, icon = EXCLUDED.icon,
  unit = EXCLUDED.unit, spec = EXCLUDED.spec;

-- ---------- العروض ----------
DELETE FROM public.offers WHERE product_id IN (
  '0a000000-0000-4000-8000-000000000001','0a000000-0000-4000-8000-000000000002',
  '0a000000-0000-4000-8000-000000000003','0a000000-0000-4000-8000-000000000004',
  '0a000000-0000-4000-8000-000000000005','0a000000-0000-4000-8000-000000000006',
  '0a000000-0000-4000-8000-000000000007','0a000000-0000-4000-8000-000000000008',
  '0a000000-0000-4000-8000-000000000009','0a000000-0000-4000-8000-000000000010',
  '0a000000-0000-4000-8000-000000000011','0a000000-0000-4000-8000-000000000012'
);

INSERT INTO public.offers (product_id, supplier_id, price, moq) VALUES
  ('0a000000-0000-4000-8000-000000000001','0b000000-0000-4000-8000-000000000001', 2.75, 100),
  ('0a000000-0000-4000-8000-000000000001','0b000000-0000-4000-8000-000000000003', 2.40, 200),
  ('0a000000-0000-4000-8000-000000000001','0b000000-0000-4000-8000-000000000002', 3.10,  50),
  ('0a000000-0000-4000-8000-000000000001','0b000000-0000-4000-8000-000000000004', 2.95, 100),
  ('0a000000-0000-4000-8000-000000000002','0b000000-0000-4000-8000-000000000005', 78,  5),
  ('0a000000-0000-4000-8000-000000000002','0b000000-0000-4000-8000-000000000003', 72, 10),
  ('0a000000-0000-4000-8000-000000000002','0b000000-0000-4000-8000-000000000001', 85,  5),
  ('0a000000-0000-4000-8000-000000000002','0b000000-0000-4000-8000-000000000006', 69, 20),
  ('0a000000-0000-4000-8000-000000000003','0b000000-0000-4000-8000-000000000003',  95, 10),
  ('0a000000-0000-4000-8000-000000000003','0b000000-0000-4000-8000-000000000005', 102,  5),
  ('0a000000-0000-4000-8000-000000000003','0b000000-0000-4000-8000-000000000002', 110,  5),
  ('0a000000-0000-4000-8000-000000000004','0b000000-0000-4000-8000-000000000003', 130,  5),
  ('0a000000-0000-4000-8000-000000000004','0b000000-0000-4000-8000-000000000001', 145,  5),
  ('0a000000-0000-4000-8000-000000000004','0b000000-0000-4000-8000-000000000005', 138, 10),
  ('0a000000-0000-4000-8000-000000000004','0b000000-0000-4000-8000-000000000004', 152,  5),
  ('0a000000-0000-4000-8000-000000000005','0b000000-0000-4000-8000-000000000002', 12.5, 25),
  ('0a000000-0000-4000-8000-000000000005','0b000000-0000-4000-8000-000000000004', 11.9, 50),
  ('0a000000-0000-4000-8000-000000000005','0b000000-0000-4000-8000-000000000006', 13.2, 20),
  ('0a000000-0000-4000-8000-000000000006','0b000000-0000-4000-8000-000000000005', 165,  4),
  ('0a000000-0000-4000-8000-000000000006','0b000000-0000-4000-8000-000000000001', 172,  2),
  ('0a000000-0000-4000-8000-000000000006','0b000000-0000-4000-8000-000000000002', 159, 10),
  ('0a000000-0000-4000-8000-000000000006','0b000000-0000-4000-8000-000000000006', 178,  2),
  ('0a000000-0000-4000-8000-000000000007','0b000000-0000-4000-8000-000000000005', 198,  5),
  ('0a000000-0000-4000-8000-000000000007','0b000000-0000-4000-8000-000000000002', 189, 10),
  ('0a000000-0000-4000-8000-000000000007','0b000000-0000-4000-8000-000000000001', 205,  5),
  ('0a000000-0000-4000-8000-000000000008','0b000000-0000-4000-8000-000000000005', 115, 10),
  ('0a000000-0000-4000-8000-000000000008','0b000000-0000-4000-8000-000000000002', 109, 20),
  ('0a000000-0000-4000-8000-000000000008','0b000000-0000-4000-8000-000000000004', 122, 10),
  ('0a000000-0000-4000-8000-000000000009','0b000000-0000-4000-8000-000000000003', 58, 10),
  ('0a000000-0000-4000-8000-000000000009','0b000000-0000-4000-8000-000000000001', 64,  5),
  ('0a000000-0000-4000-8000-000000000009','0b000000-0000-4000-8000-000000000006', 54, 20),
  ('0a000000-0000-4000-8000-000000000009','0b000000-0000-4000-8000-000000000002', 61, 10),
  ('0a000000-0000-4000-8000-000000000010','0b000000-0000-4000-8000-000000000002', 22,   12),
  ('0a000000-0000-4000-8000-000000000010','0b000000-0000-4000-8000-000000000004', 19.5, 24),
  ('0a000000-0000-4000-8000-000000000010','0b000000-0000-4000-8000-000000000001', 24,    6),
  ('0a000000-0000-4000-8000-000000000011','0b000000-0000-4000-8000-000000000005', 3450, 1),
  ('0a000000-0000-4000-8000-000000000011','0b000000-0000-4000-8000-000000000001', 3690, 1),
  ('0a000000-0000-4000-8000-000000000011','0b000000-0000-4000-8000-000000000004', 3290, 1),
  ('0a000000-0000-4000-8000-000000000012','0b000000-0000-4000-8000-000000000005', 890, 1),
  ('0a000000-0000-4000-8000-000000000012','0b000000-0000-4000-8000-000000000001', 950, 1);
